Original,Obfuscated
AMSIProviderCommand,O_82EC1E73
AMSIProviderDTO,O_144B124F
AntiVirusCommand,O_23DCFB01
AntiVirusDTO,O_A6AE78E3
AppLockerCommand,O_6FA04BA2
AppLockerDTO,O_81B62776
AppLockerTextFormatter,O_B771F1FF
ArpEntry,O_6363B96E
ArpTableCommand,O_1FAD9A6C
ArpTableDTO,O_06C7774A
ArpTableTextFormatter,O_4476C7D9
AuditPoliciesCommand,O_014B0973
AuditPolicyDTO,O_371534EF
AuditPolicyGPO,O_1FDF109F
AuditPolicyormatter,O_3C3E088A
AuditPolicyRegistryCommand,O_8D64AA06
AuditPolicyTextFormatter,O_3ABDBA24
AutoRunDTO,O_38A99EC8
AutoRunsCommand,O_D8B1EF8E
AutoRunTextFormatter,O_45A50CF0
AzureADCommand,O_77C85217
AzureADDTO,O_EF541EF3
AzureADFormatter,O_5372F895
Bookmark,O_1BAC4007
CertificateCommand,O_8DF26989
CertificateDTO,O_4EA69D19
CertificateFormatter,O_7688F296
CertificateThumbprintCommand,O_4FA53271
CertificateThumbprintDTO,O_67DBEBA0
CertificateThumbprintFormatter,O_E5551361
ChromiumBookmarksCommand,O_0D879548
ChromiumBookmarksDTO,O_9EBCBFCE
ChromiumBookmarksFormatter,O_230D47AE
ChromiumHistoryCommand,O_C9E57412
ChromiumHistoryDTO,O_8E41BA5B
ChromiumHistoryFormatter,O_E2384155
ChromiumPresenceCommand,O_B48C984A
ChromiumPresenceDTO,O_8E19C753
ChromiumPresenceFormatter,O_65947B97
CloudCredentialsCommand,O_EAA5DD1A
CloudCredentialsDTO,O_2DB4352B
CloudSyncProviderCommand,O_0E201B79
CloudSyncProviderDTO,O_0605B384
CloudSyncProviderFormatter,O_BCC1070F
COM,O_FC331D1C
CommandBase,O_2183A68D
CommandDTOBase,O_4AED570F
ConsoleTextWriter,O_132E9F90
CredentialFileInfo,O_8BC87FE5
CredentialGuardCommand,O_9E6775BC
CredentialGuardFormatter,O_711C9430
CredEnumCommand,O_C2B01D33
CredEnumDTO,O_A55183BA
CredGuardDTO,O_8E85A0BE
DefaultTextFormatter,O_AFCC99E5
DirectoryInfoDTO,O_AD14D66A
DirectoryListCommand,O_6FA8CF2E
DirectoryListDTO,O_3F60E36C
DirectoryListTextFormatter,O_C154AF59
DirectoryQuery,O_8BB37900
DNSCacheCommand,O_A76DAE01
DNSCacheDTO,O_A328A704
DotNetCommand,O_8C8ED18A
DotNetDTO,O_E5426632
DotNetTextFormatter,O_57A41A0A
Download,O_D6EAFE82
DpapiMasterKeysCommand,O_4307ECB9
DpapiMasterKeysDTO,O_FBE67245
DpapiMasterKeysFormatter,O_11C0D0C3
EnvironmentPathCommand,O_2404849F
EnvironmentPathDTO,O_F2D1C167
EnvironmentVariableCommand,O_C4F748A3
EnvironmentVariableDTO,O_10B96862
EnvironmentVariableFormatter,O_9CD1FBDF
ErrorDTO,O_DDA13DE3
ErrorTextFormatter,O_64945148
ExplicitLogonEventsCommand,O_AD9CFF85
ExplicitLogonEventsDTO,O_B860970F
ExplicitLogonEventsTextFormatter,O_462E34E4
ExplorerMRUsCommand,O_FCBC7476
ExplorerRecentFilesDTO,O_EBDE6938
ExplorerRecentFileTextFormatter,O_B7CE1D39
ExplorerRunCommand,O_B635FF20
ExplorerRunCommandCommand,O_1C22F262
ExplorerRunCommandDTO,O_354F7537
ExplorerRunCommandFormatter,O_CD50B2D2
FileInfoCommand,O_7A9774E1
FileInfoDTO,O_880491F6
FileTextWriter,O_2636E887
FileZillaCommand,O_E7897332
FileZillaConfig,O_3C59B5D5
FileZillaDTO,O_2B67EEE8
FileZillaFormatter,O_2923F3F8
FirefoxHistoryCommand,O_2D3C06EE
FirefoxHistoryDTO,O_83C336E7
FirefoxPresenceCommand,O_87678929
FirefoxPresenceDTO,O_90883E87
FirefoxPresenceFormatter,O_6BBF1E75
HostDTO,O_75A28A1C
HostTextFormatter,O_DF88C2BA
HotfixCommand,O_D72AD724
HotfixDTO,O_CF740C91
HotfixTextFormatter,O_0A4167C7
IdleTimeCommand,O_421BFBD4
IdleTimeDTO,O_B137EF9D
IdleTimeFormatter,O_7AAC72A0
IniFileHelper,O_391D9844
InstalledPrintersDTO,O_305008C6
InstalledProductsCommand,O_9DD2A65C
InstalledProductsDTO,O_D9C8973D
InterestingFileDTO,O_546DA94C
InterestingFileFormatter,O_636DA14D
InterestingFilesCommand,O_A9C80A61
InterestingProcessesCommand,O_B4EF7CD8
InterestingProcessesDTO,O_EF48CE8E
InterestingProcessesFormatter,O_169B7ACF
InternetExplorerFavoritesCommand,O_0C3745E8
InternetExplorerFavoritesDTO,O_B39D6AD4
InternetExplorerFavoritesFormatter,O_8DAA4C84
InternetExplorerTabCommand,O_34FA5C50
InternetExplorerTabsDTO,O_71FF6B09
InternetExplorerTypedUrlsCommand,O_ED0B889C
InternetExplorerTypedURLsDTO,O_BC3E399D
InternetExplorerTypedURLsFormatter,O_7A04870B
InternetSettingsCommand,O_6A1381E6
InternetSettingsDTO,O_1177CAA2
InternetSettingsFormatter,O_E99D9E3E
InternetSettingsKey,O_445A92E6
JsonFileOutputSink,O_9BEF08AF
JsonStringOutputSink,O_60BBEB9A
KeePassCommand,O_6D791863
KeePassDTO,O_E2550E92
LAPSCommand,O_87DF1B5C
LapsDTO,O_9D30096A
LAPSFormatter,O_72661E32
LastShutdownCommand,O_884D1952
LastShutdownDTO,O_8BA5B3A3
LocalGPOCommand,O_4EA0026F
LocalGPODTO,O_772C1DD3
LocalGroupMembershipCommand,O_08D39204
LocalGroupMembershipDTO,O_8DE39670
LocalGroupMembershipTextFormatter,O_BF3DA0AC
LocalSecurityAuthorityCommand,O_4D53A282
LocalSecurityAuthorityDTO,O_7E02EBA0
LocalSecurityAuthorityFormatter,O_5DCAAECA
LocalUserCommand,O_81BF00D4
LocalUserDTO,O_D4B9D728
LogonEventsCommand,O_A7473834
LogonEventsDTO,O_D0B31D54
LogonEventsTextFormatter,O_6DECF828
LogonSessionsCommand,O_E124CEC7
LogonSessionsDTO,O_7BDECA4F
LogonSessionsTextFormatter,O_0C364ED2
LsaWrapper,O_41CA9BAE
MappedDrivesCommand,O_6D37288A
MappedDrivesDTO,O_52290D54
MasterKey,O_C2D05A62
McAfeeConfigsCommand,O_0AE08354
McAfeeConfigsDTO,O_B517DD7E
McAfeeSite,O_1E1BDBB1
McAfeeSiteListCommand,O_698CF7A5
McAfeeSiteListDTO,O_A9599790
McAfeeSiteListFormatter,O_762C0948
MicrosoftUpdateCommand,O_3FB96BCD
MicrosoftUpdateDTO,O_2C0A69AB
MicrosoftUpdateFormatter,O_0DE9EA5F
Module,O_F148224A
Mpr,O_CC45627B
MTPuTTYCommand,O_CF73C2A8
MTPuTTYDTO,O_ED370A94
MTPuTTYFormatter,O_B1892356
NamedPipesCommand,O_3AE22304
NamedPipesDTO,O_4C1AA4E8
NamedPipesFormatter,O_931E7392
Netapi32,O_B81255AD
NetworkProfilesCommand,O_CCA7CE9B
NetworkProfilesDTO,O_7124901A
NetworkShareDTO,O_B872878D
NetworkSharesCommand,O_B17863BB
NtlmHashDTO,O_C30E6D93
NtlmSettingsCommand,O_B25CFBD2
NtlmSettingsDTO,O_9035B3A6
NtlmSettingsTextFormatter,O_0AB80752
OfficeMRU,O_9A96A87B
OfficeMRUsCommand,O_2CF25CF2
OfficeMRUsCommandFormatter,O_CC2AAB58
OfficeRecentFilesDTO,O_82A76845
OneDriveSyncProvider,O_DD3D4417
OneNoteCommand,O_7D249D08
OneNoteDTO,O_F4467FE4
OneNoteFormatter,O_4C383933
OptionalFeaturesCommand,O_85E28F15
OptionalFeaturesCommandDTO,O_ABB262A2
OptionalFeatureTextFormatter,O_2BCE3EFD
OracleConnectionsDTO,O_0FDEAD5C
OracleSQLDeveloperCommand,O_370811FA
OSInfoCommand,O_4A153DF2
OSInfoDTO,O_4D9BF75E
OsInfoTextFormatter,O_861E766A
OutlookDownload,O_E018A322
OutlookDownloadsCommand,O_31978EBC
OutlookDownloadsDTO,O_CA34B509
OutlookDownloadsFormatter,O_27B7AAE4
PluginAccess,O_9E24156B
PoweredOnEventsCommand,O_320E2CBC
PoweredOnEventsDTO,O_170053FD
PoweredOnEventsTextFormatter,O_063D37B2
PowerShellCommand,O_3193AA58
PowerShellDTO,O_83287682
PowerShellEventsCommand,O_1206113B
PowerShellEventsDTO,O_3AAD1509
PowerShellHistoryCommand,O_4BF931DF
PowerShellHistoryDTO,O_87DB36ED
PowerShellTextFormatter,O_4E430AC8
PrintersCommand,O_41DEEC1B
ProcessCreationEventDTO,O_AADB0A75
ProcessCreationEventsCommand,O_701AAFFB
ProcessCreationEventTextFormatter,O_26BD6418
ProcessesCommand,O_3B68F2AE
ProcessesDTO,O_5129D851
ProcessesOwnerCommand,O_A27FE08D
ProcessesOwnerDTO,O_102C866E
ProcessFormatter,O_3839AA47
ProcessOwnerFormatter,O_333261FE
Program,O_90920D93
PSSessionSettingsCommand,O_3F7D0F09
PSSessionSettingsDTO,O_C494E4E9
PSSessionSettingsFormatter,O_9DE5870F
PuttyHostKeysCommand,O_B7C59DF4
PuttyHostKeysDTO,O_FBA13A79
PuttyHostKeysFormatter,O_94412494
PuttySessionsCommand,O_B2CD92E7
PuttySessionsDTO,O_3C8B5AC7
RDPClientSettings,O_3F770CB1
RDPConnection,O_F2734054
RDPSavedConnectionCommand,O_959E44A9
RDPSavedConnectionCommandFormatter,O_C9E71A77
RDPSavedConnectionDTO,O_98DD29C3
RDPServerSettings,O_B029DD04
RDPSessionsCommand,O_F8681E61
RDPSessionsDTO,O_978EAB6D
RdpSessionsTextFormatter,O_5566E7D8
RDPSettings,O_5ED8A1C3
RDPSettingsDTO,O_28B2DDC6
RDPSettingsFormatter,O_A4C68D9D
RecycleBinCommand,O_84323D86
RecycleBinDTO,O_BBAEDF59
RegistryKeyValue,O_D9B753E7
RegistryValueCommand,O_E0886B7B
RegistryValueDTO,O_13C2B2E0
RegistryValueTextFormatter,O_114F1B65
RemoteDesktopConnectionManagerCommand,O_A17ACE06
RemoteDesktopConnectionManagerDTO,O_AA34FF77
RemoteDesktopConnectionManagerFormatter,O_67AE8ADC
RPCMappedEndpointsCommand,O_E15B54D1
RPCMappedEndpointsDTO,O_E5AEFE7F
RPCMappedEndpointsTextFormatter,O_90A98118
Rpcrt4,O_F8D7398B
SafeRpcBindingHandle,O_A6C1BE4C
SafeRpcInquiryHandle,O_086FA7B0
SafeRpcStringHandle,O_60ABF106
SccmClientCommand,O_E09DCE35
SccmClientDTO,O_7B44E23F
ScheduledTaskAction,O_C2B9DBD9
ScheduledTaskPrincipal,O_A664A7BA
ScheduledTasksCommand,O_2EAD8157
ScheduledTasksDTO,O_572A3E52
ScheduledTasksFormatter,O_F61582AC
ScheduledTaskTrigger,O_B4B33E7C
SearchIndexCommand,O_43FBE431
Seatbelt,O_F41F88FA
SeatbeltArgumentParser,O_5579F5CE
SeatbeltOptions,O_F2A11310
SecurityPackagesCommand,O_C26B49D9
SecurityPackagesCredentialsCommand,O_C039B850
SecurityPackagesDTO,O_DED810D6
ServicesCommand,O_830D0A12
ServicesDTO,O_4DE83E42
Shlwapi,O_210F4320
SlackDownloadsCommand,O_1E94569D
SlackDownloadsDTO,O_F5497623
SlackDownloadsFormatter,O_A017355C
SlackPresenceCommand,O_F5CF150E
SlackPresenceDTO,O_80011568
SlackPresenceFormatter,O_90BE8F53
SlackWorkspacesCommand,O_D27C95D8
SlackWorkspacesDTO,O_6CEC576A
SlackWorkspacesFormatter,O_8BA700A3
SuperPuttyCommand,O_920EA79A
SuperPuttyConfig,O_39A73883
SuperPuttyDTO,O_0DB98354
SuperPuttyFormatter,O_74C5E462
SysmonCommand,O_F3334EF9
SysmonDTO,O_B59DFEF1
SysmonEventCommand,O_8DD4BBE5
SysmonEventDTO,O_A5BD4B1E
SysmonTextFormatter,O_EF343435
TcpConnectionsCommand,O_DE728638
TcpConnectionsDTO,O_E0AA4B35
TcpConnectionsTextFormatter,O_511D6CA0
TextOutputSink,O_E6752F82
TokenGroupCommand,O_7C324DFB
TokenGroupsDTO,O_64D6C700
TokenGroupsTextFormatter,O_744A5642
TokenPrivilegesCommand,O_3689D5C3
TokenPrivilegesDTO,O_66C1A868
TokenPrivilegesTextFormatter,O_7424B4F4
TypedUrl,O_39FC6857
UdpConnectionsCommand,O_1CF053D4
UdpConnectionsDTO,O_C1EB2ACA
UdpConnectionsTextFormatter,O_746FE716
User32,O_E24FBBBE
UserAccountControlCommand,O_36966E8B
UserAccountControlDTO,O_A8F30596
UserAccountControlFormatter,O_2FD4A4A7
UserRightAssignmentsCommand,O_B37466FB
UserRightAssignmentsDTO,O_B2DB8A27
UserRightAssignmentsTextFormatter,O_75AE188C
VaultCli,O_7A5E6AD0
VaultEntry,O_19270373
VaultItemValue,O_195F078A
VerboseDTO,O_77AFBCF7
VerboseTextFormatter,O_27435FC4
WarningDTO,O_56497D89
WarningTextFormatter,O_AE6533F0
WifiProfileCommand,O_820687B3
WifiProfileDTO,O_97D40AC0
WifiProfileEntry,O_CA3CF3AC
Win32Error,O_3BB7B919
WindowsAutoLogonCommand,O_E4AC9A55
WindowsAutoLogonDTO,O_A84D8E7E
WindowsCredentialFileCommand,O_99C48D6F
WindowsCredentialFileDTO,O_8CB6CE5F
WindowsCredentialFileFormatter,O_581F0E19
WindowsDefenderCommand,O_DFA2EACB
WindowsDefenderDTO,O_E409597E
WindowsDefenderFormatter,O_21A92342
WindowsEventForwardingCommand,O_37536031
WindowsEventForwardingDTO,O_245B3EFA
WindowsEventForwardingFormatter,O_523A65B4
WindowsFirewallCommand,O_588A6512
WindowsFirewallDTO,O_CA646800
WindowsFirewallRule,O_72452439
WindowsSearchIndexDTO,O_A25BC503
WindowsSearchIndexTextFormatter,O_F49A51EF
WindowsVaultCommand,O_E3B1AD34
WindowsVaultDTO,O_70BC9C8D
WindowsVaultFormatter,O_80287F36
Wlanapi,O_6D5A9C51
WMICommand,O_2EE28C2A
WMIDTO,O_CACA4DCD
WMIEventConsumeFormatter,O_FD4BFA91
WMIEventConsumerCommand,O_DF75625B
WMIEventConsumerDTO,O_0D1C2316
WmiEventFilterCommand,O_E64AECC6
WmiEventFilterDTO,O_205563B5
WMIFilterToConsumerBindingCommand,O_839DD5D8
WMIFilterToConsumerBindingDTO,O_E54BD80E
WMIFormatter,O_BC03815F
WMIUtil,O_88B64416
Workspace,O_87BB59BA
WsusClientCommand,O_28318AC3
WsusClientDTO,O_442EB30E
Wtsapi32,O_17620FAB
